metric,mean,sd,ci95_low,ci95_high
des_reliability,0.7452426142240532,0.008530118247158528,0.742057415723292,0.7484278127248145
ctmc_reliability_same_run_weighting,0.744688184368181,0.004412846679300086,0.7430404003375577,0.7463359683988042
paired_reliability_gap_ctmc_minus_des,-0.0005544298558721702,0.004432114606552763,-0.002209408648774183,0.0011005489370298428
des_mean_time_to_outcome_min,6.255457268141147,0.14251656785380087,6.202240707114836,6.308673829167459
ctmc_mean_time_to_outcome_same_run_weighting_min,6.262483061421858,0.07476817220234122,6.234564167087318,6.290401955756399
paired_wait_gap_ctmc_minus_des_min,0.007025793280710424,0.071267776642531,-0.019586031870716225,0.03363761843213708
lambda_hat,1.999335944671189,0.007823711448810144,1.9964145228039787,2.0022573665383994
theta_hat,0.02999861255769334,0.00023357186491355762,0.029911395389960585,0.030085829725426096
mean_ahead_at_arrival,12.506406713462646,0.31145000841242654,12.390109369028083,12.622704057897208
